{"cameraMode":{"drawMode":0,"name":"Shaded","section":"Shading Mode"},"sceneLighting":false,"audioPlay":false,"sceneViewState":{"showFog":true,"showMaterialUpdate":false,"showSkybox":false,"showFlares":true,"showImageEffects":true,"showParticleSystems":true},"in2DMode":false,"pivot":{"x":9.419995307922364,"y":1.8403165340423585,"z":8.076255798339844},"rotation":{"x":-0.566847562789917,"y":0.37544283270835879,"z":-0.3233575224876404,"w":-0.658153772354126},"size":4.822220802307129,"orthographic":true}