{"cameraMode":{"drawMode":0,"name":"Shaded","section":"Shading Mode"},"sceneLighting":true,"audioPlay":false,"sceneViewState":{"showFog":true,"showMaterialUpdate":false,"showSkybox":true,"showFlares":true,"showImageEffects":true,"showParticleSystems":true},"in2DMode":false,"pivot":{"x":-4.943603515625,"y":14.66796875,"z":-1.732421875},"rotation":{"x":0.4398106634616852,"y":0.005920090712606907,"z":-0.0028999901842325927,"w":0.8980663418769836},"size":24.706401824951173,"orthographic":true}